PK     ! b顫h^  ?   [Content_Types].xml ?(?                                                                                                                                                                                                                                                                                                                                                                                                                                                                                                                                 瑪薔?E鱄麮?J懿@5韨?*Q>滥撈猚[瀒i瀴?B?j7?宪{2裢h瞡m秱埰籖媮壤U^7/徘??抮ZY餇@1__峟? 榪访R4D酇J?h>€銤谇V咂?猌?熔拎NV?8施?阊詊i){^筱-I?{?v^!XS)bR箁鷹K緎(?誤c?啇?菸?痪7M4博婔猌茞k+縷\|z?帇鬚6h_-[濦?傄? Pk嫶?n蟷?损?蓰%?倪d簽彁dN"m,啷菫DO97*倊筛8繭韈|nρ?E??楹罄B衫!$}図嗳?{煨錥冾駯?2?   PK     ! 礥0#?   L   _rels/.rels ?(?                                                                                                                                                                                                                                                                                                                                                                                                                                                                                                                                 瑨MO?嗭H鼑洒蛰?BKwAH?T~€I?祶?菘'T?G絶圯<嶊?鲡4瑡;#秝瓎楘qu*&r朏q?v挣睁橤Jy(v綇*āK蛇#F玉D??W	??=檨Z芃Y辀誃S憝啺?犼撓?讝﹂??L煲?萻bg佼|萳!貔USh9i癰瀝:"y_dl荔D浛齶-N溔R"4?螱?狌Z?袼漼?	毛瑞蓚?ㄞ   PK     ! ?!邻  ?     xl/workbook.xml琔踤?}_i鶟?箑J猏祽vWQ??渀l?M綾I蛹t跡噗樸33囜騤梘?晩	!|?嬺X$尟#tw;祘萊氿刣傆=S叜縘n呠,呚X 繳凴瓔衠T溡湪QP枙??昸G拻D?s<醉89a?↑哫璛L?.s蕌"iF4蠾)+T儢?佀壾攨嫾 ?藰~瓳憰轻l蛥$?苻岫祿pw嗔.4^s樜幨Y,?+}蠳M?焺`w儚!鶐啼鹄Jv>瑟s狸涟鹐4要?B?壷>p驪r?z_K?E駴?S?Ⅳ$a?曷Tl閝紥e1,YV瘒? 9齼滅&慃AΙ銬討?ざUYU兀T€埈kd捖?w?qH杍Ntj?嬓(\?餻1Hr茩覓h!c?Z?$鐉捸睦縦n貘}€?⊥荡`<刞邜'=$8???n=騒嗻衽k诮钊祪醦j６7榜p郹銷啚
稳NR阾烾!Rxf鶨v?籥蓲#?w佴?禬惆鲗n?fj?O?B66獇>漬+?Kt
N?[甑敪S`屳jtn楨鑴迅f4吽6?#?オR氮穢ヮS=1攄覹A5囨9Kp暷娴榙馶ZΛ6v? 诽河?暜zPz豾]7餸w襧踾/痨炦蜢??眍d<禡~L?G将?6??%R逬o嗲sMWCP礐?糌皏毞?   PK     ! ?敆?   ?   xl/_rels/workbook.xml.rels ?(?                                                                                                                                                                                                                                                                 琑MK??0w泇賢/"霼?纱)?!3~暨*篯X諯/o唝锿莢??趿+▕zl?o腕?b憝侴礻氆?歴?捜,?8骧(%嚕?D艄覇4j?u2js?蔒Y匏翠€鷦S飙偞贩 ?f?笴埚焸y洋	I<y 谚?+E?蚣黤My蝛粒??獽?=|唗 嚾G)抯澧櫥U镝tB)扣?唆飂渖钦?    PK     ! 魶?  ?     xl/worksheets/sheet1.xml湌]O?嗭M?M铩+犙匒坔41养u醈槲XC?f[綽?n酥澋=蟵晰鰢+Ｉ|P蝔敺J繨?;丸]電?呁卾2簡@噧蟪鵜("A?-c琑苽,翀衯X\)?"猝煵Pyy揹4??3BY??
%a熹軃??-"?JU?腿cpF糺Ig*DL擵q軥)12}榋缗Dc??挰<?|篬檉兀?閉pEl#檓j>l歖3!wっ吗蟀P?頠澯J?;Vg霝卉陵咤庸?鷿黓-|髗H雒v韲?"妼巟:哄湶A縬袊俥??&癄AF@NIt??次?N詭?7?pO?∩‥剬j涊熂嚠jt?5貼??喈q'9b媅迌殩+ATc?_?Ht-J坊?     敋踤9哶トL???v幫9v澻?{誡4Ew黜棽贫鳬1b_爹)挗鴭?o~蝌脲疣鏮|e项}z迩淈雜%?療鴒螨眭麖__鯨Q?紌貯p淈鳌9?}x?:bG1f5vcテ&1Vilc灯Nb蘨??崫臱??vc狡.哲槸
Dd?埿\+惫Q 俿獲D鏝?辖?"@??奟腪j枒)痽Na麞揂?9?#S羚鐚L??N締觾"?蠒Dn??r`痨I?拱/纙(w?Dx?p厪隋鍼穮榛~驝&M倶璍]Nc虖"僻
Dl?垬灚YU嗵E鸱4%唥U:??勈沵酀裳鄬)戤?躇!J	V嘌/9鑊?貸骑鱡莨?\U谮誦宙9厴蠓X?偣坅[0-?*L?'儩j约寘庒(郼*粴?H枃??菇€璃6耝久蒵N婐啌尕Wp┴E闅緧X壄n涫?m霘翨螴lTO蚲1Xa?W 谊b?a蕙猒)iv瑻潼M皣!wj鮺拗l`朞?眪羲M>Bf稈瘾i浳XS樁殡?樼磻尡稊?j?儫2.~@f?茠0G_q阳I罷帓婮;纈赀{\瑆幄o竂揅1蕡?;S v?瀄訩???濵瘸?y6碚<y狝疱亚? 僨+?*佶辎+mW?\樼磻 倍? ]抹)?c繿c{Ne?-震櫍 钞G栫零豔V粔
k輙珆uHt粣@?狸?	Y8W佩甇倶7谄孩3nF+踒螡*愅??*愴??馥叅箠Af说A茮`?鴔?仱w
D臆?硔?僔鏗??捴?Ig+?i?嵷斵?礯|綎鬁B?VX?矆Q#'XO?e?u?2脨
%\?
2+Wt}^?t6l缞湾t珆陪f媝腸,韖充q[T嶋辭D&A瑃期艻a?襲踨X?偳?徬??蓌1鷐Jxz廽x幔@U波*怑58c?仧w
涔5h敹爋逍?鐰嶅q?壪蹫晫'~_輢?|擬筹盝鬁B?V(wz隭抹o?鼣 A焎i?_髼団?V?閙燩洌}a?}ExM邌U竇卜):[痺a&oh儤魩M偃伀?{戀Se
?Q 蜾4[?a骪侌鸼糅餤??纲?{,?$枍瑤?P鏏)aA醌^1裧+?!ú0襸鼍?蝮孊矽[崤?F匴燯蝍^蔰dj$?膄??嚯Cp?偙稇36偐?傒.??鵝xt?蒞旹羸韕蹉8圷iud厠柉 ?Y泉ˊV培?玝<?彲_+jo偨久鬾?^?Q?叐VN-u?笯預)?>鶷 S1J&0U烊祒m淦鮢藲Q?5V闰硤翑?鮅脷胜?d巶虤?K7H鰋笯岮帨n5过.\?W檌'
慛?蛭&{疱葙 M.?$躓騌T伡U /EGgx篢c?~?蚔2K~t晻gＪU恫.罄怮橉#V戎|??r恊d褺浬瞼o)d眰睈絎痊賲^zM彏?傶瑠搦}磔Z6蔣i[?k釺汚餙4淑嶒鼳∫~蜥?灍?0Ai	€\B/槣L謲駄[ń?^?骟屺謼?鄣駫閕?@_?D哻姵敌掆畆ua邯掆橊<?岣R倭珔B邈秮Y鬁愩曀燣鍢>
掾P{琔瘐B,轵燎D?w>?肹Q鎃?z忧锵lG功jk?D'薰?揳{╝嗎0[D纋Ge趵Db_嬗?`(縔叞帷? ?F揶廽呞e跩'?賐?袃~\?┩?諦>d塠S豓樰.?y繐S橰{跬黍蕡/2薁P鳶蛛勞瓜b抐T櫴R;ㄙ驆€V慞;?咤溘澰摔掞o炬?     4土
?衉	?V楗榕?】踡詽癥??o3CI?O闢圿Or?霫p喖Xk哖7%D?峐獅餵烐粸滄榋6?{"w?濵壝满討?X枚劢△殬m?   PK     ! M?€,?  €     xl/theme/theme1.xml靁蟧??? 桀Z???秎'k摱h?=?m薄DCE乚w0?v佰脌踚楜7-额徹#%[dL7龖菪$陒?遻C護<N╯?NX趒k?琢閯MI:锔鱃肑藆窣?Q栤幓萝奖鵪籽瀳q?癘?旮?嫿j昈?駅l丼x6cY?躥箨4C玎7≌虹呎懺uR攢??檂g$]蝴k?
珐嗖aB??
;=璉_駡f??鷻搀~,\?.郃酋詿[菘^E{?;l5弧??冮i]鯔颓汵}?鹈钇?P睄4?茗S 4櫪Hs.合犠铛?珌騅嬶~尺?x?c媠7?疈??FE疈9>澳弢疈9>苈7絥遫x?IO沸^6Ⅴh7?Vx;饑蛕峒DA5l狵v1c┴Uk	z牟! $?ARG?x?P??鐖蘡(?J噁?鼦?_]﹫??k?橉?汕釗?D墙	^]騪?0揑勋rbX甗贱~窡^=?雉"炿鴹縹?_?芞崤飨_唿跛3嬿n喥:|D虧埒芄?殔?gog1?1,P??8x{叏酌fd?6嗔驊刘$螙俋z?'饦1赾? 穌_Z凣藅n?[旮{澷鷰Pj$x癨€?浰(?突?蛁妳#煴S?H?譪2?g3?$NkHFdlRitH人蔉Rm逆鴣觕??>3戰Z j!?略?Z
斬\嶱B鮻!跦灛矇?p櫈c蕼?sn彻摿x丹?m抱龢??rj髖?討}v?YX9?直_餝(Q滠e??f?"?(輽?榫\顑斒慜枡%?槞镢娢V*猳坹B襅朂偊Z禹陓jnw?:尥堳m:紶藁pA皖z胟?g}掛O掜%{谆|魾]j3葀?Wd鏱}F(=+姀竄痵槕hT	禌躭?1\[7蠍瞦2&?">壯?吊滙迈?芶氄&_瓠v虽楳?j?鳎箈p$蕍/卮摸B滂癥罨6钫Nv莐姻mHh潤$蛈#d醬$匀畡E勐?莜S滴?@m?X29靶旮仧稞a?炇<迩 腱输\i撽 雵u敊nK??G棗?d?汭B+?MqQ濟a蒛婧]υ?C眫J椭嚾??贎S])h隃w馨纘?-:?鳅p?爒竆?:?硥闰攅憅袵<?瓺'W儎??WS4U⒏贞 -?仁荈抧&蟜x"舸k-2淫-(|?支庶萘覓-!?耵?觘vA?蜌鄶p8颟逖?8密YY&v魿DUCy;3??\夎啂痕腀???醲.'伧瀠/煪e??鏛CU洮i?7蒶I訿昁汾6餜脍k瓋B滴椞簅0!h允?j採?K?ZMjW??顖踗幇F鈃g~盎X祌俋?U岖?6~庋嚀?\??d}q.饖<?疁eF:?/楮Q=?^+T鼏颱ZA稱?A?j^縒
媹揨?h?]焄T'梔}蕍m聮*S烼獖跟銻??a}豱磠aポ?+~孔０W閲Q?霨A?|?g
靪?Z暟E??齎灰綦醍哽?~鱥睂亼珧Q?芦x?   PK     ! <Bx?  ?     xl/styles.xml蚽覢??箕I捜v?礣	R嬆uc瘬U髑Zo?馄?崮解掠狉腾N釸DK{Ivgv岿f举qt\?TWL?鸊FTf*gr惴棭3屁2D鎰+Ic讥>N??冲鬮E〢 !?瘜)М[e+*Hu*罶(-垇璣篣??{Ip7鸺?摳E槉? 傝玼閐J斈?闾l,孌6=_Jド?遮?政Hㄖ?嶕N??U?纔UQ皩蕙;q'.?H€?$?t洁V畹~$倚誸矛|8?%M?禆&??榐I鮚χ
w€6剝徘ne??H昸,?跒根鲥纣{?傫mk?&斵]K?s3睘???碪薾0?N畟x岓^颦!墵K?/曛椲矓行-]p輠z┥?罗?楧x@徊?乏$獯0惗f藭?獎邊2?塺F朖nK痘? 潓r~a倩?v] ??鐈屷冠b飽怘穕褛嵟铮地=?P?XT{?蹻?劤?增? 賛韑2,硩殎椂V雒?b细嶚z-T€瞐摔).敵з-碰礕?c鬃橡:机∨歲娩_?碳>栾裒3v?澅?m愑偓构?c|X竣9[荸7l忝mSdc汹棘??Zk銖g?擓Y8co6v?:損6w箩閘>O'^酀~??屫鏇 i臿?賻?戕Ε?P犦?	F轎鑬N:饇g8"cg<凬|4湞卛劂>r{稢輶	蕶躨礢╫慲麖$軡钺儧?   PK     ! Oi蒛?  -D     xl/sharedStrings.xml碶ks釮桚??2泛c枭c痘'0`棲栏乺u髌FE"% #$Y0迿剧?$\畾賵?H鵕*筌s辖上{Z筶-氯窠_蕤U?炲蹘7逋U咵1鱨铤烒逋VDo肟巯Q3怎??鴎?Y扁Q?剣;3?\?_脃-
B另h!D紃k殺詋+顇o樺'^寏[?杧蝐":?S{箅蠎箅像|%~傀\ｏ??顤舿蘛嚋扑志?K迏?⒂{栵韎狩跕劗?Oo軈癰??:A孖<-2溚肆(鲘熬脓藕"?唝呝皡秃<.L??UF翬a涊奙劗糴∧d隳?#:虝锖ろ?纡雌貦{攞1氕?:;+清!甩琾縸3饵梆惤Ю臞)鏺裯喵Nr槟栵?-?kt迟TC邚m螵瀵j会詌?jY吝柨&界坨邁谢Ы|;蒍?邐P;-曪t殠k姜z"搌岵v羦鳠銱?辜n*螡x犒霜阕?+秓E嚡5[y韴MY龝皾d%?7褻g孤?噚^r铇{盺U0?彎?v?疁寠.>k)嗈襉TN鞾?D鈧??顷暢劘楟4u€%鎶軁9黛%'壡;?|????|鞀燊飂偳驶坎?>茧t垭O涆雡?-\oオ?饾j℅5?#虂RZm5T絥9P趒e邒鶜獤際?*X?k两谷W╜dJ諿鮂覲憨铥2庩w鵹8??_]蟯g?}9骽祅╦玒7S{?U?』=7厤２~塰鳠<VC74Mm秚E誤"Z麕殽?%Z鴄|摇f-]脁孹?尩u阅坵\言雑Ｙ?脍/盹A?/D(捳殥"(> xb鍲釲?LnJpf?,颔鶚?X0U秌碥pD紭I ?m?0晨????m}?K焵p\師9??,L莄?鯱鰺E?<??@Or>?垬-"XXg3'茻?腵?艡Ou榵傢$[縪卤am渪薥1鳎?K羫枫*粔?C蟢拲ds9逯r抜e﨤挢?]6??Q溺艐?ｅ(櫹z鹘圡y劻?泤庰扈%v諲??軖?琀BUf*$鄄併b茳JMC顫?M霰€丄頭?-凌 n?
x	巩郃緜?驪<鲔潵?]?#?冢O椕???H絑g4?>W?:Q|t3頬蝶}}袥?v蟅<芉T|??7鑜|段1v緦f抢夦on飡?鬎鐬?0??胵?? >戟?洯至??z鞄谧蜜葆嚊s??V[k&A熩绪纚寶?h?f?峼C1UM3U莤?6'r? o唤?癜3	*F;P% 	靑????~€s滚9葘eO肇/纄:?Gw圖? >錓:%I惙?`5Dm? ?潕 絁 J億鮾\#&?讐A鹐+I笢G90	C8tK?蝜4奕妠?%H螡5頩I?p~?烺冧`憌錏@?娚?D苟亜4隱Ki.dq?斻:<3$??蜅(GI攑@?壨涓H冗嶓蠫暤]梕?鸎B8
啦驮J霿T9`t2?|O:嗼橜WU$+@?6輋-繈*侱梹?役?棘5?v/\滜3`茚+肢策g願?汇?Y;幢仦?睹Y縵廉頨<捻甔笕駵vIS硼揥亩 慆}喳齻}痤vv#钁7?貃?A粙??Gж彴y>脶逦颀茮瑡+?迵?pn'?绨闛?蚮礽擷?﨑骥m?-梙|{顕遨+'闹歃?邍炶?儈{轸Y?R?m蹅螞噳誒cbU纤晚?4:? {I髌?e?;pi跧T缊?o%xPK!"+[??q?蝈痈漵逘FT?U魘:?廍尳=A,V0鞮S?載H娖gf NL?qF?滚侑*∣A惏叽踭w售?東ɡo癟?l$剭展邻鼆柟j囌??净??廣?p+?W謬埍%膔孖瀯蜹?蒱裼娒V?缀`$孈2os釞OQC?r▏j鬈隮Kt?.J岶絓+俘?禴垍K`凤?憷` 茶欯?=8s犟錷礯(匽e肢奦躑?dJ?oT覺%JC??n)l惥|棨独;€ b瑛r壣?銨P|?榰嘞埚4輯(K??OF?
誑€s砚昻羲\钬噡-?0浪^摊?莤
摊3黷;閸趽I惑馶璫頖捓}?偫x?K?饅乯<搛^?饀源@飮蒙W苭听袘~偾糎笍h|B,挺襤ijC亙畼剞氵?д♂畡$侹?奸臂	~栬Er45'欅?椶"滒杠Hv旑P"'楀??&衡酭?R胃'f礬崪m!朓真耑婐jt!蔠8澵?/???惇? 軮M??MＧ驷鋹F舒 ?緯?蓥?.
P?J?烩
豵触縟&蠶)?樰癐瑬?y嗽J?9彾餒WU6Y€Q懌巃貓20?让ax@XCR?醕cㄩ?⒌屬?BT@}tO?O?榴s3B5?B?F9跋?s?慊涍觺~*爻? ??阆?$
鼀9菩3Kt	寱赙罿?髨<CQ 饾沗P{:t怒呐H鲦ワ?蠜!??鷍兩'`?un蚰?羿芷h$烧?LUB\?徶P舝}\狿7iA*Pi*賘à2荎?笺奙l攉か鱡脳遃?U唱獷觲%1鳓/S鱽\謘株}H餤ひq	┣N靀?d@扖盟?鑂b-m"o飢遾?綴a1E$q?傴箴?^攦诛5?l藎v]5諙┯4誰B胩t铒桜蚀！i
?舎B猲?6乪Z癦誏鷩⒋歾％6妄弇酦?諅Q2病-U朁?瓬φ礷z哹晖荇|MCV钞憕骞〇櫱6鼝▆79]J%適4-蓤?R^举'ea?睉jV?x醙变衆流夅軶o'妑n?e韗?}?VroK?x?D?@+s隄惻d稩?瘥}?t~奊6B
[?仚IQ徜L?藙n$u昤K%k???\?噖MeWH?嗘襫蒮B価$竐9~簗~LU鰕??€?P飅?弚眥 ??0:u?垐犷a鷚b稊??讀€(郂7j坟?=$ 竩?tH踬礨?N鷦?X;D厉>??鳮o?&!?? 裏?o'狊
??熎蹈?k阓qy??譏艃徼k?'_起c7?餰 -陑RZuD疚!eーlB鳭?Ui灹蓷屐c@,	??渐h嚢茏?鴎``階T?紖v??}7鰨? 皭F認溻阿袚?N}?泵?EI黍7鯝?pe.拴藧vx?}u慙%錌J芌K@俚昢怑f?2朸鳥?d?Y€?{?爻W?OaP€賢t?匌隫B俖€U0X勔I禶)譁Jb)┫蚐柧 9	杯詴鳃 ?茉偫少%崙慪餯V崝}侎U菳拕J?b?镋?sY#?=詸&?%?%!^?朒?%A ]攲剶凜AD?>瘌H?I`劵??
赸??韾噭驵墁箾儡P9(+i噭G???衴竎X?繦? 曷_
补嫾棸7UO?z婒3瞯,"#?4[??H晭迶m鳼攨4_d?蒵py醟翚t9ll-6饝?@?{?6?\呩刦砬 ?堙q,┗YK6皃吇X?Iy∩Xx?D龔l'緫轐淍\`N撩秅S?兝菪怯狑;?苣僛S巴;[k覒?杼q∠醇LO#藍棣{}h鱔?艹k9飜湮遛Y;H冺)?3椘?9m??u膢	?冥H唜,??;謷X葉TcZXJ蟈锱DJh??萃臮???Lo咈戗])#n櫎c粴Wh?,.乖屉G?$?榽Z唜?裕僷?鏿? 4V?.辵?? 嬔玫L旬|{3kAF?N油 鴴剒桫餮dY瓒办W豯銲顔C检?d0?凱Bh坅I?b亄缾`鎾. v旿?4佰?ae阛_{圐
唴V〆祏h筁^E?b漈bEE桧L?猌/﹉?YV只茏@Q!}歟6応调鮄VUYO?运?勳30BJw挭|逰?詋^銞?禡??偘<厽??痃???鯳毫?PT醀垟'	UY6V?攭R枑禗DS年豂>燍さ?'穿訹獈?唢)棩X袶諉夓*$-│f鑷漞ペl仦5?黇?蛃Y/誧X???ォ轷V淜?:詯 莊KUZ鄠!?Y!d	?E'B栩哗aIEIr?!嚸<葽鼤B拾G?j荆G/洕鮏?w7k遃獑喧I訑肧踮軦蔘?鎪煣戕腿.??=廐?|?&犂O>m掇qC??睲?呗?欯豻O蕄;/矫箤H??l饑镧 9;jmy祂餛Zf杯X鄾S2?9]と"k6]	昚璇*╉昒-閩粠[賠k?C?騗[崲鼴琜??fOo?SNJ?vH嫹"Q嫝爿??8閿p篯で摏;~磦??bO呓[恵?E?鴵ャb?'绥??箶膩骚H>w羵?)Z湾?rVd簠&"木W阯狷梶毶钆?:n栞斯d炟燩ゴ叕GJ唡デ叇桴錞1捚A慦iv鼓璟蒣??ewJ壬f鳔訫;;椥??滾楝澎Vye?r=愘坸飱\欈噃罇?%A亚摀'??蹆?輒a贿罥wYJ袣x,-麅4?
?у? 
??邀a贖澜孌戌偝衅 }8/桯=⒗Gg+s2?-y嘈?g?N?筼兪侎w帼?嫰鋅"K誎v9@o?@袾?鄢蕦?Q%75ME?M
S麡-抃媛畍+莟岽挸趘?胈?;;蠩?pΝ#跍56?;\JpS$詳矅?\?c€6顏PPwi禦 じ0> 碏?|!洽H4??錺嗥#
?p?i芪▼蓥鑓??憰\詏邜?歝逴*刷<F冣&?坉@!<摱bE1?d厷犘:N7?嫌gO闙??茩匎\8?町A銽牾V珇堛霃/d封?埍?罙嗣2衺犤,Dw浶?B?&?緔?袷蕘鶮=!ah陾澎?蛳矑餜?	?i贅s0?	PI憈h?虛r桫Y?錑麐?:~?餜vDV;W?:荰:e?{び赏.梣?"揨泥鬩1?b:鋁e€癟窌mY鲂Fj?	!?薘挆P戱	?H?;|発?8
@I
?d?a-謀?n6(Ej?圵?2$絀I3}礽?o??H佄?}b&)K?h]?磬$с??儑n魔鼇NV\仼"疐Νj蕅€葓?〥剅艃撉G卟Wy鷤詊檻暫$鉒
诮琵E萕€b(&?懖漸?J穊xN哪p/qR]	sZ仛'鱔:??+7a┵J?r?_n(0?栰[R晡	8}kêRG([1??朡J齷??2	=黟]H菜义(镯笲気k??R+??魮V柅仗I叴籛蒘吥换涋翴羉ヌ,#趼0PR)兔?Sx?絹7[&ω愯ｂ?澋.H~'? 襑?碛敒虽1H鲢?糱?0?縮齛灰烣峬琬铌竭箎Z揗$棑伍ォ?雾嚽德X跰-^?炼1穬V7c鱭5冋Z3⑶?,oYoZ嵅謀５E擏纆?kV衵~6?伢沼2熧Z熙?膁?幪5察oCl禄夔碓|鳰?<嶎阤}駁k绽?涋駻?pz湖煤緔L"w軱?謘醡╓B<葑ы饔鎣勉o儑≌	達nE觶rU謼ml#窦Xm僊?mo影氜阒\樲覾yz屩\蘬逖3棌憾辺浨蛆??)M4缤韮倈<?嶍S艏呀錶?T蓌盩f鎐?酺髞G持尘hl魢(X.b?蝺韟?付儇?*ba芆?姯?烟??滱s硿s毖戾诂cF?k留V產>的驳x.听u闿#郬rtkzw?嵡躅UX.yB?i?軒7H尢襉萠????
,?贕Q蓵禘帔垤|?F嶰?x圄[2垼?矕┡2藕C?趰崯Jx胮?磕帙??7缉?Bf期荻溒飈ヂ
Т/!⒘?2)2鱝A1朊?嫨g縥p贚_Gh8|梕訌鋺?U??尮Cd
_?擫浏D宒泣i焟坘6D@杨崋蘬礭:镡夙?瘴怰_#歇鯹啭?驯勯TX?曐t箳bp:/软宫?~钽?   PK     ! ?墀S  e   docProps/core.xml ?(?                                                                                                                                                                                                                                                                 |扱K?呥C蓒洣萜m嘢觫翃鈁H疃`摉$陧邲v[鞵|?鐍鬈K才^U?+k?? 蚹!?G/?湥??玧9:€E嬧??宓?S7`?x挾?9?譖?邅b6?砼Mms?[?秬?瀉??顎a3?)鴢l>M?荘??&?^F?ze銽?坑)顦-鳴躿+c鄱Q涼1|~傔謴淆暂??渞陶ΩJji濋?彅願硁?緫 枃鈦蒨蒁?K炠痯?|(z\岈鸡w麇
IL<鉯I鏀苄t蜣M捐顱詉膁?寭挙4炓4蟺⑾}?妎    PK     ! :]??     docProps/app.xml ?(?                                                                                                                                                                                                                                                                 湌羘?嗭?嗩崪n(咢VQ?z匕 IzWe:*K偰蔀e??v谯t?４崷N跾o$庾GR鈢圬瑓槍w汵r杹泳4nS磅觋??*W*?l墲算#眻>@D)#?V#?鏘仔?!賾R(?n腐*ａ译?蛴<?惆Ep%?ao?荵嬶5-筋蚸X妺
iJ梃摨0誤媯钖狅Ａ澨?薐???╪ieb挗臲}虙鵑k;e侪J嗅琔?噭盏I蹛0?~=?鏾罥j}8n擎?6v	噭+?曳j??<?顎超pxs套OL/金烕&(?a}1?蔩*劎m挪VJ:纞埯偢F蹤蘫?P>跫痕?\N?鶉溛:?曞#    PK-      ! b顫h^  ?                   [Content_Types].xmlPK-      ! 礥0#?   L               ?  _rels/.relsPK-      ! ?!邻  ?               ?  xl/workbook.xmlPK-      ! ?敆?   ?               ?  xl/_rels/workbook.xml.relsPK-      ! 魶?  ?               ?  xl/worksheets/sheet1.xmlPK-      ! M?€,?  €               ?  xl/theme/theme1.xmlPK-      ! <Bx?  ?               ?  xl/styles.xmlPK-      ! Oi蒛?  -D               ?  xl/sharedStrings.xmlPK-      ! ?墀S  e               ?  docProps/core.xmlPK-      ! :]??                 #<  docProps/app.xmlPK    
 
 €  ?    